컬렉션명,페이지_수,쿼리,평균_총_시간_ms,평균_검색_시간_ms,평균_임베딩_시간_ms
collection_0001_1000pages,1000,딥러닝 모델의 성능 향상 방법,18.474260007496923,2.8038999997079372,15.66986000398174
collection_0001_1000pages,1000,자연어 처리 기술,17.313720006495714,2.324980008415878,14.988360006827861
collection_0001_1000pages,1000,컴퓨터 비전 알고리즘,20.557720016222447,2.5579999899491668,17.999240022618324
collection_0001_1000pages,1000,강화학습 기법,17.610179993789643,2.391940006054938,15.21795999724418
collection_0001_1000pages,1000,신경망 아키텍처,18.40969999320805,2.383160009048879,16.026299982331693
collection_0002_2000pages,2000,딥러닝 모델의 성능 향상 방법,19.14823999395594,2.470999991055578,16.676920000463724
collection_0002_2000pages,2000,자연어 처리 기술,17.330100014805794,2.426160010509193,14.903500000946224
collection_0002_2000pages,2000,컴퓨터 비전 알고리즘,17.925420007668436,3.10245999135077,14.822640013881028
collection_0002_2000pages,2000,강화학습 기법,19.672259979415685,2.9599400004372,16.71197998803109
collection_0002_2000pages,2000,신경망 아키텍처,21.92287998041138,2.8747799922712147,19.04769998509437
collection_0003_3000pages,3000,딥러닝 모델의 성능 향상 방법,20.638919982593507,2.751459984574467,17.887079995125532
collection_0003_3000pages,3000,자연어 처리 기술,20.639279996976256,2.999660011846572,17.63911999296397
collection_0003_3000pages,3000,컴퓨터 비전 알고리즘,17.319980019237846,3.0023800092749298,14.317240007221699
collection_0003_3000pages,3000,강화학습 기법,17.911359993740916,3.4288999857380986,14.48212000541389
collection_0003_3000pages,3000,신경망 아키텍처,19.12713999627158,3.4710200037807226,15.655719989445059
collection_0004_4000pages,4000,딥러닝 모델의 성능 향상 방법,20.514839980751276,2.996239985805005,17.518220003694296
collection_0004_4000pages,4000,자연어 처리 기술,20.06345996633172,2.6515399920754135,17.41153998300433
collection_0004_4000pages,4000,컴퓨터 비전 알고리즘,16.679199994541705,2.418020006734878,14.2608999973163
collection_0004_4000pages,4000,강화학습 기법,19.9376399978064,3.414680005516857,16.522679990157485
collection_0004_4000pages,4000,신경망 아키텍처,19.011640001554042,2.6673999964259565,16.34380000177771
collection_0005_5000pages,5000,딥러닝 모델의 성능 향상 방법,21.206699998583645,2.903320000041276,18.3029199950397
collection_0005_5000pages,5000,자연어 처리 기술,19.355660013388842,2.6159600005485117,16.739400010555983
collection_0005_5000pages,5000,컴퓨터 비전 알고리즘,18.28339999774471,3.1978399958461523,15.08513999870047
collection_0005_5000pages,5000,강화학습 기법,19.438380002975464,3.551680000964552,15.886240010149777
collection_0005_5000pages,5000,신경망 아키텍처,19.17100000428036,3.2013599993661046,15.969340002629906
collection_0008_8000pages,7994,딥러닝 모델의 성능 향상 방법,23.99965999647975,3.216819989029318,20.782260003034025
collection_0008_8000pages,7994,자연어 처리 기술,22.37135999603197,3.0991600011475384,19.271859992295504
collection_0008_8000pages,7994,컴퓨터 비전 알고리즘,17.28824001038447,2.6304399827495217,14.657400024589151
collection_0008_8000pages,7994,강화학습 기법,20.440980000421405,3.3901399932801723,17.050520004704595
collection_0008_8000pages,7994,신경망 아키텍처,18.27378000598401,2.657540002837777,15.615900000557303
collection_0009_9000pages,8992,딥러닝 모델의 성능 향상 방법,19.381899992004037,2.5905199931003153,16.791059996467084
collection_0009_9000pages,8992,자연어 처리 기술,20.661359990481287,3.3529600012116134,17.307899985462427
collection_0009_9000pages,8992,컴퓨터 비전 알고리즘,20.22980001056567,3.472160012461245,16.757219994906336
collection_0009_9000pages,8992,강화학습 기법,21.252780000213534,2.9403400025330484,18.312039994634688
collection_0009_9000pages,8992,신경망 아키텍처,18.56719999341294,2.997000003233552,15.569799987133592
collection_0010_10000pages,9992,딥러닝 모델의 성능 향상 방법,19.379859999753535,3.066660021431744,16.312699986156076
collection_0010_10000pages,9992,자연어 처리 기술,20.944699994288385,2.6815999881364405,18.262800003867596
collection_0010_10000pages,9992,컴퓨터 비전 알고리즘,19.263580022379756,2.7167199994437397,16.546640021260828
collection_0010_10000pages,9992,강화학습 기법,18.176659976597875,2.7531999861821532,15.423079987522215
collection_0010_10000pages,9992,신경망 아키텍처,21.91866001812741,2.8318600030615926,19.086260010953993
collection_0012_12000pages,12000,딥러닝 모델의 성능 향상 방법,19.49585999827832,2.7130199945531785,16.782540001440793
collection_0012_12000pages,12000,자연어 처리 기술,20.176880015060306,3.5539199830964208,16.622560028918087
collection_0012_12000pages,12000,컴퓨터 비전 알고리즘,17.479680001270026,2.654139988590032,14.825260010547936
collection_0012_12000pages,12000,강화학습 기법,18.456399999558926,3.006299992557615,15.449780004564673
collection_0012_12000pages,12000,신경망 아키텍처,18.27061999356374,2.7564600110054016,15.513820003252476
collection_0013_13000pages,13000,딥러닝 모델의 성능 향상 방법,20.677799999248236,2.9908199911005795,17.68646000418812
collection_0013_13000pages,13000,자연어 처리 기술,18.683560006320477,3.754699998535216,14.928340003825724
collection_0013_13000pages,13000,컴퓨터 비전 알고리즘,17.501699994318187,2.5273799896240234,14.973980002105236
collection_0013_13000pages,13000,강화학습 기법,17.383699992205948,2.6652200031094253,14.718119986355305
collection_0013_13000pages,13000,신경망 아키텍처,17.932379990816116,2.666119986679405,15.265840000938624
collection_0014_14000pages,14000,딥러닝 모델의 성능 향상 방법,21.67747998610139,3.0226399889215827,18.65441999398172
collection_0014_14000pages,14000,자연어 처리 기술,21.57122000353411,4.025459999684244,17.545219999738038
collection_0014_14000pages,14000,컴퓨터 비전 알고리즘,19.55800000578165,2.578160003758967,16.979499999433756
collection_0014_14000pages,14000,강화학습 기법,17.962479998823255,2.7689000009559095,15.193199994973838
collection_0014_14000pages,14000,신경망 아키텍처,18.334879993926734,2.9340799897909164,15.40034000063315
collection_0015_15000pages,15000,딥러닝 모델의 성능 향상 방법,19.040860002860427,3.118619997985661,15.92188000213355
collection_0015_15000pages,15000,자연어 처리 기술,19.796340016182512,2.9777000192552805,16.818179993424565
collection_0015_15000pages,15000,컴퓨터 비전 알고리즘,20.73594001121819,2.976419997867197,17.759160010609776
collection_0015_15000pages,15000,강화학습 기법,17.65432001557201,2.738159999717027,14.915720012504607
collection_0015_15000pages,15000,신경망 아키텍처,18.51767998887226,2.661279996391386,15.855999989435078
collection_0016_16000pages,16000,딥러닝 모델의 성능 향상 방법,21.221759996842593,2.7902600006200373,18.431139993481338
collection_0016_16000pages,16000,자연어 처리 기술,19.191139983013272,2.7253199834376574,16.465439996682107
collection_0016_16000pages,16000,컴퓨터 비전 알고리즘,18.68413999909535,2.8164800023660064,15.867339994292704
collection_0016_16000pages,16000,강화학습 기법,18.08337999973446,2.8187799965962768,15.264019998721778
collection_0016_16000pages,16000,신경망 아키텍처,19.479160010814667,2.8301000013016164,16.648680006619543
collection_0018_17000pages,17000,딥러닝 모델의 성능 향상 방법,21.617600007448345,3.0897000106051564,18.527460005134344
collection_0018_17000pages,17000,자연어 처리 기술,17.57829999551177,2.5528599857352674,15.025140007492155
collection_0018_17000pages,17000,컴퓨터 비전 알고리즘,22.220920003019273,3.215140022803098,19.005479977931827
collection_0018_17000pages,17000,강화학습 기법,18.14170000143349,3.122200001962483,15.019000007305294
collection_0018_17000pages,17000,신경망 아키텍처,18.15925999544561,2.6256600045599043,15.533219987992197
collection_0019_18000pages,18000,딥러닝 모델의 성능 향상 방법,19.134919997304678,2.955360012128949,16.179219994228333
collection_0019_18000pages,18000,자연어 처리 기술,18.05136000039056,3.3668599906377494,14.683860004879534
collection_0019_18000pages,18000,컴퓨터 비전 알고리즘,20.651020004879683,3.191580018028617,17.45907999575138
collection_0019_18000pages,18000,강화학습 기법,21.003539999946952,3.7208800087682903,17.282099986914545
collection_0019_18000pages,18000,신경망 아키텍처,19.466660008765757,3.1550400075502694,16.311140009202063
collection_0020_19000pages,19000,딥러닝 모델의 성능 향상 방법,20.460599986836314,3.489339991938323,16.970939992461354
collection_0020_19000pages,19000,자연어 처리 기술,17.760939989238977,2.7228199993260205,15.037799999117851
collection_0020_19000pages,19000,컴퓨터 비전 알고리즘,17.489119991660118,2.643299987539649,14.845320000313222
collection_0020_19000pages,19000,강화학습 기법,22.489900013897568,3.8347799913026392,18.654620018787682
collection_0020_19000pages,19000,신경망 아키텍처,22.54034000216052,3.239319985732436,19.300480012316257
collection_0021_20000pages,20000,딥러닝 모델의 성능 향상 방법,20.45822002692148,3.032239992171526,17.425620032008737
collection_0021_20000pages,20000,자연어 처리 기술,18.71855998178944,2.838999987579882,15.879259991925208
collection_0021_20000pages,20000,컴퓨터 비전 알고리즘,17.82048000022769,2.6700199930928648,15.150160004850477
collection_0021_20000pages,20000,강화학습 기법,18.47198000177741,2.730900002643466,15.740739996545017
collection_0021_20000pages,20000,신경망 아키텍처,19.515359995421022,2.7787200058810413,16.736359987407923
collection_0022_21000pages,21000,딥러닝 모델의 성능 향상 방법,20.674340007826686,4.149700014386326,16.524319991003722
collection_0022_21000pages,21000,자연어 처리 기술,17.395620001479983,3.0508600058965385,14.34444000478834
collection_0022_21000pages,21000,컴퓨터 비전 알고리즘,17.702639987692237,3.4251999924890697,14.277120004408062
collection_0022_21000pages,21000,강화학습 기법,20.264119980856776,3.323740023188293,16.940059966873378
collection_0022_21000pages,21000,신경망 아키텍처,19.057480001356453,2.8975000139325857,16.15941998315975
collection_0023_22000pages,22000,딥러닝 모델의 성능 향상 방법,19.23023998970166,2.608199999667704,16.621699987445027
collection_0023_22000pages,22000,자연어 처리 기술,18.24616000521928,2.669860003516078,15.575979999266565
collection_0023_22000pages,22000,컴퓨터 비전 알고리즘,19.532480009365827,3.202459996100515,16.329560009762645
collection_0023_22000pages,22000,강화학습 기법,17.552759998943657,2.988679998088628,14.563699997961521
collection_0023_22000pages,22000,신경망 아키텍처,18.856999976560473,3.2542599947191775,15.602239989675581
collection_0024_23000pages,23000,딥러닝 모델의 성능 향상 방법,20.922820002306253,2.6546199922449887,18.267880007624626
collection_0024_23000pages,23000,자연어 처리 기술,17.842979996930808,2.6860799989663064,15.156559995375574
collection_0024_23000pages,23000,컴퓨터 비전 알고리즘,17.74482000619173,2.651480003260076,15.093040000647306
collection_0024_23000pages,23000,강화학습 기법,22.157100006006658,3.4129199804738164,18.743600021116436
collection_0024_23000pages,23000,신경망 아키텍처,21.89313998678699,3.4040599945001304,18.488660000730306
collection_0025_24000pages,24000,딥러닝 모델의 성능 향상 방법,18.8070600037463,2.6540199876762927,16.15274001378566
collection_0025_24000pages,24000,자연어 처리 기술,18.596760008949786,2.645740017760545,15.950679988600315
collection_0025_24000pages,24000,컴퓨터 비전 알고리즘,19.787839998025447,2.7487599989399314,17.038759996648878
collection_0025_24000pages,24000,강화학습 기법,17.082460003439337,2.7280999813228846,14.353900018613786
collection_0025_24000pages,24000,신경망 아키텍처,19.839260005392134,2.95760000590235,16.881339997053146
collection_0026_25000pages,25000,딥러닝 모델의 성능 향상 방법,27.385080000385642,3.4360400051809847,23.94869999261573
collection_0026_25000pages,25000,자연어 처리 기술,19.958720006980002,2.778160001616925,17.18026001472026
collection_0026_25000pages,25000,컴퓨터 비전 알고리즘,18.271079985424876,2.8749999939464033,15.395780000835657
collection_0026_25000pages,25000,강화학습 기법,22.917320008855313,3.6916199955157936,19.22536001075059
collection_0026_25000pages,25000,신경망 아키텍처,18.092400021851063,3.1115000136196613,14.980580005794764
collection_0027_26000pages,26000,딥러닝 모델의 성능 향상 방법,19.37917999457568,3.095539996866137,16.283299995120615
collection_0027_26000pages,26000,자연어 처리 기술,18.168679997324944,2.6582600199617445,15.510079974774271
collection_0027_26000pages,26000,컴퓨터 비전 알고리즘,17.939900001510978,2.9523400007747114,14.987159997690469
collection_0027_26000pages,26000,강화학습 기법,18.087459984235466,3.515839984174818,14.57123999716714
collection_0027_26000pages,26000,신경망 아키텍처,25.35233999369666,3.3855600166134536,21.966279996559024
collection_0028_27000pages,27000,딥러닝 모델의 성능 향상 방법,25.4714599926956,3.9851200068369512,21.485799993388355
collection_0028_27000pages,27000,자연어 처리 기술,18.686900020111352,3.1935400213114917,15.492759994231164
collection_0028_27000pages,27000,컴퓨터 비전 알고리즘,20.861359988339245,3.6292199976742268,17.231599998194724
collection_0028_27000pages,27000,강화학습 기법,19.124080007895827,3.562779992353171,15.560920012649149
collection_0028_27000pages,27000,신경망 아키텍처,18.67578000528738,2.6438400032930076,16.031599999405444
collection_0029_28000pages,28000,딥러닝 모델의 성능 향상 방법,24.215119995642453,3.7757599959149957,20.43891999637708
collection_0029_28000pages,28000,자연어 처리 기술,18.303820013534278,2.653260005172342,15.650220005773006
collection_0029_28000pages,28000,컴퓨터 비전 알고리즘,19.189519993960857,2.8960600029677153,16.293079988099635
collection_0029_28000pages,28000,강화학습 기법,17.74010001681745,2.747380011714995,14.992320002056658
collection_0029_28000pages,28000,신경망 아키텍처,18.768280011136085,2.8795599937438965,15.88848001556471
collection_0030_29000pages,29000,딥러닝 모델의 성능 향상 방법,19.331359991338104,2.717639983166009,16.613320005126297
collection_0030_29000pages,29000,자연어 처리 기술,17.385920020751655,2.767820004373789,14.617740013636649
collection_0030_29000pages,29000,컴퓨터 비전 알고리즘,18.098200007807463,3.2144600059837103,14.883479999843985
collection_0030_29000pages,29000,강화학습 기법,18.324100004974753,3.2509999931789935,15.072620008140802
collection_0030_29000pages,29000,신경망 아키텍처,18.29324000282213,2.655499998945743,15.63736000098288
collection_0031_30000pages,30000,딥러닝 모델의 성능 향상 방법,25.181659997906536,3.5043399897404015,21.676980005577207
collection_0031_30000pages,30000,자연어 처리 기술,17.5954399863258,2.743040001951158,14.852079981938004
collection_0031_30000pages,30000,컴퓨터 비전 알고리즘,19.828020012937486,2.8670000028796494,16.96054000640288
collection_0031_30000pages,30000,강화학습 기법,18.19772000890225,2.828939992468804,15.36844001384452
collection_0031_30000pages,30000,신경망 아키텍처,21.296140004415065,3.2428600010462105,18.052880000323057
collection_0032_31000pages,31000,딥러닝 모델의 성능 향상 방법,21.916400000918657,3.8386999862268567,18.077200010884553
collection_0032_31000pages,31000,자연어 처리 기술,18.534439988434315,2.77975999051705,15.754399995785207
collection_0032_31000pages,31000,컴퓨터 비전 알고리즘,17.084079992491752,2.7204600046388805,14.363299985416234
collection_0032_31000pages,31000,강화학습 기법,22.986700001638383,3.8908799993805587,19.09526000963524
collection_0032_31000pages,31000,신경망 아키텍처,18.01271999720484,2.7343800058588386,15.277979988604784
collection_0033_32000pages,32000,딥러닝 모델의 성능 향상 방법,24.91293998900801,4.385340015869588,20.527139981277287
collection_0033_32000pages,32000,자연어 처리 기술,20.263580000028014,4.226800019387156,16.036339988932014
collection_0033_32000pages,32000,컴퓨터 비전 알고리즘,20.38945999229327,2.8862800099886954,17.502859979867935
collection_0033_32000pages,32000,강화학습 기법,20.592179987579584,3.466499992646277,17.12531999219209
collection_0033_32000pages,32000,신경망 아키텍처,19.476339989341795,3.41507998527959,16.06078000040725
collection_0034_33000pages,33000,딥러닝 모델의 성능 향상 방법,23.12829999718815,4.733100009616464,18.39483998483047
collection_0034_33000pages,33000,자연어 처리 기술,17.972699995152652,3.0037199845537543,14.96862000785768
collection_0034_33000pages,33000,컴퓨터 비전 알고리즘,18.746960000135005,2.9475399991497397,15.799079998396339
collection_0034_33000pages,33000,강화학습 기법,17.366220010444522,2.773379988502711,14.592400018591434
collection_0034_33000pages,33000,신경망 아키텍처,17.676299973390996,2.571279974654317,15.104699996300042
collection_0035_34000pages,34000,딥러닝 모델의 성능 향상 방법,19.37381997704506,3.001139999832958,16.372159984894097
collection_0035_34000pages,34000,자연어 처리 기술,18.748800014145672,3.2813600031659007,15.467120008543134
collection_0035_34000pages,34000,컴퓨터 비전 알고리즘,17.749999999068677,2.6432199985720217,15.106499998364598
collection_0035_34000pages,34000,강화학습 기법,19.81408001156524,2.8798399958759546,16.933940013404936
collection_0035_34000pages,34000,신경망 아키텍처,17.793659993913025,2.8080400079488754,14.985299995169044
collection_0036_35000pages,35000,딥러닝 모델의 성능 향상 방법,24.941480008419603,3.056400013156235,21.88477999297902
collection_0036_35000pages,35000,자연어 처리 기술,17.77587999822572,2.724260010290891,15.05115998443216
collection_0036_35000pages,35000,컴퓨터 비전 알고리즘,17.868160002399236,2.7050200034864247,15.162819996476173
collection_0036_35000pages,35000,강화학습 기법,19.417159992735833,3.831420000642538,15.585359989199787
collection_0036_35000pages,35000,신경망 아키텍처,18.87129999231547,2.636240003630519,16.234719997737557
collection_0037_36000pages,36000,딥러닝 모델의 성능 향상 방법,21.77474000491202,3.728460008278489,18.045779992826283
collection_0037_36000pages,36000,자연어 처리 기술,19.622060016263276,3.1066400231793523,16.515039990190417
collection_0037_36000pages,36000,컴퓨터 비전 알고리즘,18.135939992498606,2.5549599900841713,15.580459998454899
collection_0037_36000pages,36000,강화학습 기법,21.13157999701798,3.5846999962814152,17.546439997386187
collection_0037_36000pages,36000,신경망 아키텍처,21.61041999934241,3.2280599931254983,18.381920002866536
collection_0038_37000pages,37000,딥러닝 모델의 성능 향상 방법,23.70309999678284,3.3598599955439568,20.342859998345375
collection_0038_37000pages,37000,자연어 처리 기술,18.872440000995994,3.0632599955424666,15.808820002712311
collection_0038_37000pages,37000,컴퓨터 비전 알고리즘,23.4801999758929,3.33057998213917,20.149200002197176
collection_0038_37000pages,37000,강화학습 기법,17.41929998388514,3.10040001058951,14.318519993685186
collection_0038_37000pages,37000,신경망 아키텍처,19.365599984303117,3.1470999703742564,16.218160011339933
collection_0039_38000pages,38000,딥러닝 모델의 성능 향상 방법,22.543419990688562,3.756559977773577,18.78636000910774
collection_0039_38000pages,38000,자연어 처리 기술,18.266699986997992,3.502680000383407,14.763759984634817
collection_0039_38000pages,38000,컴퓨터 비전 알고리즘,17.27798000210896,2.7151999878697097,14.562460011802614
collection_0039_38000pages,38000,강화학습 기법,19.424119999166578,3.224359988234937,16.199460008647293
collection_0039_38000pages,38000,신경망 아키텍처,20.75789999216795,2.6501400163397193,18.107439973391593
collection_0040_39000pages,39000,딥러닝 모델의 성능 향상 방법,20.228479988873005,3.273559990338981,16.954639996401966
collection_0040_39000pages,39000,자연어 처리 기술,18.734339997172356,2.9761199839413166,15.757880010642111
collection_0040_39000pages,39000,컴퓨터 비전 알고리즘,17.69416000461206,2.709560003131628,14.984300010837615
collection_0040_39000pages,39000,강화학습 기법,17.471480008680373,2.9969400027766824,14.474120002705604
collection_0040_39000pages,39000,신경망 아키텍처,19.203519984148443,3.0969999847002327,16.106119996402413
collection_0041_40000pages,40000,딥러닝 모델의 성능 향상 방법,22.063879994675517,3.279380011372268,18.784059991594404
collection_0041_40000pages,40000,자연어 처리 기술,18.14948001410812,2.6727600139565766,15.47626000829041
collection_0041_40000pages,40000,컴퓨터 비전 알고리즘,20.147020008880645,3.2129199942573905,16.933680011425167
collection_0041_40000pages,40000,강화학습 기법,17.771920014638454,2.990620001219213,14.780960010830313
collection_0041_40000pages,40000,신경망 아키텍처,21.652459993492812,3.895539976656437,17.75634001241997
collection_0060_59000pages,40000,딥러닝 모델의 성능 향상 방법,23.881160002201796,3.697619994636625,20.183200004976243
collection_0060_59000pages,40000,자연어 처리 기술,20.690399990417063,3.8194000022485852,16.870679997373372
collection_0060_59000pages,40000,컴퓨터 비전 알고리즘,19.1335599985905,2.5147799984551966,16.618479997850955
collection_0060_59000pages,40000,강화학습 기법,22.472599998582155,4.385900020133704,18.053939985111356
collection_0060_59000pages,40000,신경망 아키텍처,21.643260004930198,3.3754600095562637,18.267539993394166
collection_0042_41000pages,41000,딥러닝 모델의 성능 향상 방법,24.39567999681458,3.6502999952062964,20.745059999171644
collection_0042_41000pages,41000,자연어 처리 기술,22.869159991387278,2.980499994009733,19.888319994788617
collection_0042_41000pages,41000,컴퓨터 비전 알고리즘,17.1245000208728,2.56438001524657,14.559860003646463
collection_0042_41000pages,41000,강화학습 기법,18.02998000057414,3.1487800064496696,14.880739990621805
collection_0042_41000pages,41000,신경망 아키텍처,21.911559998989105,2.8591600130312145,19.052139995619655
collection_0043_42000pages,42000,딥러닝 모델의 성능 향상 방법,26.68751998571679,4.1197799844667315,22.56737999850884
collection_0043_42000pages,42000,자연어 처리 기술,19.916060019750148,3.8330400129780173,16.082480002660304
collection_0043_42000pages,42000,컴퓨터 비전 알고리즘,23.435879999306053,3.414659993723035,20.02080000238493
collection_0043_42000pages,42000,강화학습 기법,20.025339990388602,3.6742799915373325,16.350579995196313
collection_0043_42000pages,42000,신경망 아키텍처,21.243359986692667,3.151800006162375,18.091199977789074
collection_0044_43000pages,43000,딥러닝 모델의 성능 향상 방법,19.34311999939382,2.63610000256449,16.706680005881935
collection_0044_43000pages,43000,자연어 처리 기술,18.45826000208035,2.6958800037391484,15.761999995447695
collection_0044_43000pages,43000,컴퓨터 비전 알고리즘,21.494759991765022,3.1599799753166735,18.334320012945682
collection_0044_43000pages,43000,강화학습 기법,18.732219992671162,3.481920005287975,15.24991998448968
collection_0044_43000pages,43000,신경망 아키텍처,19.28138000657782,2.9267600155435503,16.35431998874992
collection_0045_44000pages,44000,딥러닝 모델의 성능 향상 방법,22.82598001183942,4.485419997945428,18.340140010695904
collection_0045_44000pages,44000,자연어 처리 기술,21.744339982979,4.291439976077527,17.452480003703386
collection_0045_44000pages,44000,컴퓨터 비전 알고리즘,19.934540009126067,3.3809200045652688,16.55334000242874
collection_0045_44000pages,44000,강화학습 기법,18.569079984445125,3.391039988491684,15.177639992907643
collection_0045_44000pages,44000,신경망 아키텍처,18.274299998302013,2.588339988142252,15.685640007723121
collection_0046_45000pages,45000,딥러닝 모델의 성능 향상 방법,22.680739988572896,3.3779399935156107,19.302419992163777
collection_0046_45000pages,45000,자연어 처리 기술,19.468039995990694,3.5447599948383868,15.922979998867957
collection_0046_45000pages,45000,컴퓨터 비전 알고리즘,19.378660002257675,3.0541200074367225,16.324200003873557
collection_0046_45000pages,45000,강화학습 기법,26.438940013758838,3.4403600031509995,22.997900005429983
collection_0046_45000pages,45000,신경망 아키텍처,18.368499993812293,3.039140021428466,15.329019981436431
collection_0047_46000pages,46000,딥러닝 모델의 성능 향상 방법,18.64346001530066,2.8705199947580695,15.772640018258244
collection_0047_46000pages,46000,자연어 처리 기술,19.520959991496056,3.533520014025271,15.986959973815829
collection_0047_46000pages,46000,컴퓨터 비전 알고리즘,18.466059979982674,3.0316600226797163,15.434099989943206
collection_0047_46000pages,46000,강화학습 기법,22.231719980482012,3.439079993404448,18.79213999491185
collection_0047_46000pages,46000,신경망 아키텍처,18.08535997988656,2.5026199873536825,15.5824999907054
collection_0048_47000pages,47000,딥러닝 모델의 성능 향상 방법,18.534700013697147,2.8425800031982362,15.691780007909983
collection_0048_47000pages,47000,자연어 처리 기술,17.829080007504672,3.148840006906539,14.679919998161495
collection_0048_47000pages,47000,컴퓨터 비전 알고리즘,20.28631998691708,2.896359981968999,17.389620002359152
collection_0048_47000pages,47000,강화학습 기법,18.686300003901124,3.536559990607202,15.149340010248125
collection_0048_47000pages,47000,신경망 아키텍처,20.96414000261575,2.928679995238781,18.03504000417888
collection_0049_48000pages,48000,딥러닝 모델의 성능 향상 방법,24.331280018668622,4.88046002574265,19.450259988661855
collection_0049_48000pages,48000,자연어 처리 기술,19.95506000239402,4.019899992272258,15.934700006619098
collection_0049_48000pages,48000,컴퓨터 비전 알고리즘,20.04466000944376,2.576599980238825,17.467720026616007
collection_0049_48000pages,48000,강화학습 기법,20.656660001259297,3.1263399869203568,17.529980011750013
collection_0049_48000pages,48000,신경망 아키텍처,18.17064000060782,2.7106399880722165,15.459680010098964
collection_0050_49000pages,49000,딥러닝 모델의 성능 향상 방법,19.387200009077787,2.725859999191016,16.661020007450134
collection_0050_49000pages,49000,자연어 처리 기술,18.32946001086384,3.1584400101564825,15.170440007932484
collection_0050_49000pages,49000,컴퓨터 비전 알고리즘,20.896740013267845,3.4123599994927645,17.483960010576993
collection_0050_49000pages,49000,강화학습 기법,20.756220002658665,3.9408999960869555,16.814760002307594
collection_0050_49000pages,49000,신경망 아키텍처,18.25097999535501,2.807479992043227,15.443200001027435
collection_0051_50000pages,50000,딥러닝 모델의 성능 향상 방법,25.250560010317713,3.5230399924330413,21.727140026632696
collection_0051_50000pages,50000,자연어 처리 기술,18.249740009196103,2.9221200151368976,15.327319991774857
collection_0051_50000pages,50000,컴퓨터 비전 알고리즘,18.93006000900641,2.7714600088074803,16.158299997914582
collection_0051_50000pages,50000,강화학습 기법,17.70296001341194,2.706960018258542,14.99569999286905
collection_0051_50000pages,50000,신경망 아키텍처,18.836799985729158,3.1245799851603806,15.711899998132141
collection_0052_51000pages,51000,딥러닝 모델의 성능 향상 방법,22.66842001117766,3.1997199985198677,19.468180008698255
collection_0052_51000pages,51000,자연어 처리 기술,22.062859998550266,3.8638400030322373,18.198580003809184
collection_0052_51000pages,51000,컴퓨터 비전 알고리즘,17.36044001299888,3.203400003258139,14.156740007456392
collection_0052_51000pages,51000,강화학습 기법,19.74525998812169,3.4145600046031177,16.330299980472773
collection_0052_51000pages,51000,신경망 아키텍처,19.029319984838367,2.801560005173087,16.227299987804145
collection_0053_52000pages,52000,딥러닝 모델의 성능 향상 방법,26.26988000702113,3.7522400030866265,22.517360001802444
collection_0053_52000pages,52000,자연어 처리 기술,18.26874000253156,2.815040003042668,15.453359996899962
collection_0053_52000pages,52000,컴퓨터 비전 알고리즘,18.196920002810657,2.692219999153167,15.504400013014674
collection_0053_52000pages,52000,강화학습 기법,19.649239990394562,2.927420020569116,16.721339989453554
collection_0053_52000pages,52000,신경망 아키텍처,19.55048000672832,3.3906999975442886,16.159460006747395
collection_0054_53000pages,53000,딥러닝 모델의 성능 향상 방법,20.743340020999312,3.395259997341782,17.347640020307153
collection_0054_53000pages,53000,자연어 처리 기술,17.7284799865447,2.7602599700912833,14.967900014016777
collection_0054_53000pages,53000,컴퓨터 비전 알고리즘,17.773719993419945,3.1271200045011938,14.646359987091273
collection_0054_53000pages,53000,강화학습 기법,19.62801998015493,3.0525799957104027,16.575060004834086
collection_0054_53000pages,53000,신경망 아키텍처,18.03755998844281,2.957880008034408,15.079319977667183
collection_0055_54000pages,54000,딥러닝 모델의 성능 향상 방법,24.944499984849244,4.040899989195168,20.9031599923037
collection_0055_54000pages,54000,자연어 처리 기술,18.346280010882765,2.892240008804947,15.45371999964118
collection_0055_54000pages,54000,컴퓨터 비전 알고리즘,19.600459991488606,2.7192599955014884,16.88085999339819
collection_0055_54000pages,54000,강화학습 기법,17.821060004644096,3.071380010806024,14.749339991249144
collection_0055_54000pages,54000,신경망 아키텍처,18.639539985451847,3.1550799845717847,15.484100009780377
collection_0056_55000pages,55000,딥러닝 모델의 성능 향상 방법,26.083140016999096,3.3895800122991204,22.693140001501888
collection_0056_55000pages,55000,자연어 처리 기술,19.583840016275644,3.0180000350810587,16.565479978453368
collection_0056_55000pages,55000,컴퓨터 비전 알고리즘,17.916440009139478,2.629399998113513,15.286680008284748
collection_0056_55000pages,55000,강화학습 기법,19.267220015171915,2.88438000716269,16.382480005268008
collection_0056_55000pages,55000,신경망 아키텍처,25.93578000087291,3.1864199903793633,22.74898000760004
collection_0057_56000pages,56000,딥러닝 모델의 성능 향상 방법,19.569459999911487,2.995120012201369,16.574039997067302
collection_0057_56000pages,56000,자연어 처리 기술,19.36283999821171,2.683919994160533,16.67860000161454
collection_0057_56000pages,56000,컴퓨터 비전 알고리즘,19.899240019731224,2.6819600025191903,17.216880014166236
collection_0057_56000pages,56000,강화학습 기법,17.278780008200556,2.7782399905845523,14.500240026973188
collection_0057_56000pages,56000,신경망 아키텍처,19.335059984587133,3.4312799922190607,15.903339989017697
collection_0058_57000pages,57000,딥러닝 모델의 성능 향상 방법,26.437680004164577,4.540179995819926,21.896960004232824
collection_0058_57000pages,57000,자연어 처리 기술,19.02785998536274,2.704100008122623,16.32341998629272
collection_0058_57000pages,57000,컴퓨터 비전 알고리즘,19.5538199855946,2.812120004091412,16.741379990708083
collection_0058_57000pages,57000,강화학습 기법,18.99110001977533,3.0138200032524765,15.976920013781637
collection_0058_57000pages,57000,신경망 아키텍처,21.107379987370223,2.896659984253347,18.21020001079887
collection_0059_58000pages,58000,딥러닝 모델의 성능 향상 방법,30.726920010056347,3.9011199958622456,26.825200021266937
collection_0059_58000pages,58000,자연어 처리 기술,19.06782001024112,3.754580020904541,15.312839986290783
collection_0059_58000pages,58000,컴퓨터 비전 알고리즘,17.984199977945536,2.793139999266714,15.190779988188297
collection_0059_58000pages,58000,강화학습 기법,20.357100025285035,3.3483200008049607,17.008440021891147
collection_0059_58000pages,58000,신경망 아키텍처,20.43408000608906,2.984700014349073,17.44901998899877
